OrderNumber,OrderDate,CustomerTable_CustomerID,OrderType,Address_AddressID
1,"2017-12-22 00:00:00",96,Sales,48
2,"2017-02-04 00:00:00",44,Sales,79
3,"2017-08-12 00:00:00",29,Sales,76
4,"2017-03-08 00:00:00",38,Sales,87
5,"2017-03-18 00:00:00",56,Sales,79
6,"2017-03-09 00:00:00",69,Sales,99
7,"2017-03-12 00:00:00",83,Sales,78
8,"2017-08-07 00:00:00",8,Sales,38
9,"2017-05-16 00:00:00",50,Sales,34
10,"2017-07-05 00:00:00",20,Sales,70
11,"2017-12-15 00:00:00",33,Sales,12
12,"2017-01-16 00:00:00",38,Sales,100
13,"2017-01-22 00:00:00",78,Sales,50
14,"2017-05-09 00:00:00",83,Sales,80
15,"2017-06-03 00:00:00",13,Sales,84
16,"2017-02-12 00:00:00",46,Sales,82
17,"2017-11-09 00:00:00",69,Sales,20
18,"2017-09-19 00:00:00",19,Sales,5
19,"2017-04-10 00:00:00",92,Sales,33
20,"2017-07-07 00:00:00",79,Sales,35
21,"2017-02-24 00:00:00",13,Sales,97
22,"2017-07-02 00:00:00",22,Sales,55
23,"2017-05-26 00:00:00",84,Sales,87
24,"2017-11-18 00:00:00",55,Sales,20
25,"2017-09-11 00:00:00",27,Sales,13
26,"2017-10-02 00:00:00",29,Sales,67
27,"2017-02-14 00:00:00",53,Sales,28
28,"2017-02-23 00:00:00",59,Sales,10
29,"2017-05-12 00:00:00",44,Sales,88
30,"2017-07-09 00:00:00",75,Sales,5
31,"2017-05-09 00:00:00",58,Sales,91
32,"2017-05-26 00:00:00",76,Sales,27
33,"2017-03-25 00:00:00",9,Sales,27
34,"2017-11-12 00:00:00",8,Sales,81
35,"2017-04-07 00:00:00",34,Sales,54
36,"2017-07-13 00:00:00",86,Sales,61
37,"2017-12-05 00:00:00",26,Sales,28
38,"2017-11-23 00:00:00",28,Sales,88
39,"2017-04-14 00:00:00",64,Sales,45
40,"2017-03-02 00:00:00",25,Sales,55
41,"2017-10-08 00:00:00",26,Sales,64
42,"2017-04-23 00:00:00",78,Sales,18
43,"2017-08-06 00:00:00",35,Sales,18
44,"2017-04-06 00:00:00",50,Sales,4
45,"2017-09-09 00:00:00",27,Sales,89
46,"2017-02-10 00:00:00",17,Sales,58
47,"2017-03-02 00:00:00",14,Sales,28
48,"2017-11-12 00:00:00",21,Sales,45
49,"2017-10-03 00:00:00",62,Sales,68
50,"2017-08-17 00:00:00",67,Sales,51
51,"2017-11-13 00:00:00",8,Sales,17
52,"2017-06-15 00:00:00",56,Sales,63
53,"2017-10-10 00:00:00",11,Sales,2
54,"2017-03-06 00:00:00",18,Sales,98
55,"2017-02-15 00:00:00",66,Sales,76
56,"2017-11-20 00:00:00",53,Sales,19
57,"2017-04-07 00:00:00",6,Sales,97
58,"2017-05-16 00:00:00",67,Sales,72
59,"2017-04-24 00:00:00",54,Sales,36
60,"2017-04-03 00:00:00",18,Sales,94
61,"2017-08-07 00:00:00",93,Sales,13
62,"2017-05-11 00:00:00",14,Sales,28
63,"2017-12-19 00:00:00",15,Sales,22
64,"2017-06-15 00:00:00",55,Sales,15
65,"2017-09-04 00:00:00",62,Sales,27
66,"2017-08-26 00:00:00",39,Sales,49
67,"2017-05-24 00:00:00",86,Sales,38
68,"2017-05-12 00:00:00",34,Sales,48
69,"2017-02-09 00:00:00",42,Sales,53
70,"2017-06-24 00:00:00",38,Sales,53
71,"2017-07-03 00:00:00",97,Sales,31
72,"2017-09-06 00:00:00",89,Sales,13
73,"2017-06-09 00:00:00",90,Sales,42
74,"2017-02-07 00:00:00",73,Sales,80
75,"2017-01-11 00:00:00",7,Sales,14
76,"2017-03-03 00:00:00",53,Sales,47
77,"2017-02-08 00:00:00",29,Sales,2
78,"2017-11-26 00:00:00",26,Sales,4
79,"2017-12-14 00:00:00",21,Sales,61
80,"2017-01-05 00:00:00",70,Sales,76
81,"2017-09-10 00:00:00",79,Sales,11
82,"2017-04-26 00:00:00",48,Sales,15
83,"2017-08-09 00:00:00",27,Sales,22
84,"2017-07-06 00:00:00",73,Sales,57
85,"2017-06-24 00:00:00",80,Sales,78
86,"2017-03-14 00:00:00",48,Sales,8
87,"2017-10-03 00:00:00",66,Sales,74
88,"2017-01-04 00:00:00",60,Sales,56
89,"2017-06-13 00:00:00",72,Sales,71
90,"2017-11-26 00:00:00",30,Sales,15
91,"2017-09-24 00:00:00",44,Sales,86
92,"2017-07-05 00:00:00",40,Sales,79
93,"2017-03-20 00:00:00",91,Sales,14
94,"2017-11-16 00:00:00",2,Sales,11
95,"2017-08-06 00:00:00",45,Sales,82
96,"2017-03-21 00:00:00",2,Sales,7
97,"2017-02-19 00:00:00",42,Sales,8
98,"2017-07-13 00:00:00",82,Sales,60
99,"2017-09-08 00:00:00",89,Sales,21
100,"2017-04-23 00:00:00",53,Sales,75
101,"2017-10-10 00:00:00",38,Sales,44
102,"2017-12-02 00:00:00",78,Sales,52
103,"2017-10-24 00:00:00",39,Sales,7
104,"2017-04-13 00:00:00",91,Sales,44
105,"2017-05-07 00:00:00",36,Sales,69
106,"2017-04-04 00:00:00",78,Sales,96
107,"2017-09-10 00:00:00",76,Sales,2
108,"2017-02-25 00:00:00",24,Sales,93
109,"2017-07-19 00:00:00",89,Sales,25
110,"2017-01-15 00:00:00",27,Sales,21
111,"2017-06-24 00:00:00",94,Sales,46
112,"2017-06-12 00:00:00",57,Sales,60
113,"2017-04-19 00:00:00",14,Sales,83
114,"2017-01-11 00:00:00",73,Sales,99
115,"2017-01-13 00:00:00",33,Sales,96
116,"2017-09-16 00:00:00",20,Sales,68
117,"2017-02-10 00:00:00",13,Sales,47
118,"2017-06-10 00:00:00",42,Sales,47
119,"2017-05-16 00:00:00",68,Sales,72
120,"2017-06-03 00:00:00",89,Sales,52
121,"2017-10-09 00:00:00",49,Sales,20
122,"2017-11-16 00:00:00",25,Sales,27
123,"2017-09-13 00:00:00",40,Sales,45
124,"2017-07-04 00:00:00",76,Sales,93
125,"2017-11-18 00:00:00",51,Sales,16
126,"2017-06-24 00:00:00",38,Sales,30
127,"2017-06-24 00:00:00",18,Sales,61
128,"2017-08-21 00:00:00",17,Sales,54
129,"2017-01-22 00:00:00",35,Sales,18
130,"2017-02-17 00:00:00",27,Sales,97
131,"2017-02-26 00:00:00",40,Sales,26
132,"2017-01-20 00:00:00",83,Sales,81
133,"2017-08-03 00:00:00",24,Sales,21
134,"2017-10-17 00:00:00",64,Sales,45
135,"2017-03-24 00:00:00",62,Sales,53
136,"2017-06-10 00:00:00",69,Sales,13
137,"2017-10-14 00:00:00",76,Sales,7
138,"2017-12-07 00:00:00",74,Sales,69
139,"2017-04-06 00:00:00",2,Sales,26
140,"2017-04-15 00:00:00",83,Sales,24
141,"2017-12-08 00:00:00",99,Sales,77
142,"2017-04-22 00:00:00",69,Sales,14
143,"2017-04-20 00:00:00",49,Sales,63
144,"2017-05-09 00:00:00",87,Sales,12
145,"2017-07-26 00:00:00",87,Sales,25
146,"2017-06-15 00:00:00",67,Sales,77
147,"2017-04-25 00:00:00",42,Sales,86
148,"2017-12-13 00:00:00",83,Sales,29
149,"2017-12-17 00:00:00",38,Sales,2
150,"2017-01-04 00:00:00",61,Sales,78
151,"2017-09-14 00:00:00",3,Sales,23
152,"2017-03-17 00:00:00",51,Sales,81
153,"2017-11-18 00:00:00",34,Sales,61
154,"2017-09-22 00:00:00",71,Sales,84
155,"2017-01-20 00:00:00",35,Sales,59
156,"2017-10-23 00:00:00",59,Sales,50
157,"2017-06-23 00:00:00",1,Sales,62
158,"2017-02-24 00:00:00",37,Sales,7
159,"2017-12-11 00:00:00",10,Sales,2
160,"2017-08-14 00:00:00",62,Sales,68
161,"2017-02-02 00:00:00",53,Sales,95
162,"2017-06-26 00:00:00",38,Sales,54
163,"2017-02-19 00:00:00",29,Sales,41
164,"2017-07-04 00:00:00",5,Sales,51
165,"2017-04-24 00:00:00",74,Sales,93
166,"2017-04-16 00:00:00",61,Sales,67
167,"2017-06-06 00:00:00",40,Sales,4
168,"2017-05-09 00:00:00",99,Sales,96
169,"2017-09-20 00:00:00",51,Sales,39
170,"2017-03-16 00:00:00",98,Sales,18
171,"2017-01-06 00:00:00",91,Sales,95
172,"2017-08-21 00:00:00",6,Sales,65
173,"2017-11-15 00:00:00",14,Sales,25
174,"2017-06-26 00:00:00",22,Sales,29
175,"2017-06-20 00:00:00",47,Sales,71
176,"2017-05-05 00:00:00",63,Sales,18
177,"2017-02-13 00:00:00",8,Sales,83
178,"2017-09-13 00:00:00",53,Sales,36
179,"2017-05-10 00:00:00",78,Sales,30
180,"2017-09-02 00:00:00",79,Sales,59
181,"2017-09-24 00:00:00",55,Sales,19
182,"2017-03-18 00:00:00",90,Sales,21
183,"2017-12-10 00:00:00",94,Sales,90
184,"2017-03-20 00:00:00",54,Sales,19
185,"2017-08-24 00:00:00",73,Sales,92
186,"2017-04-20 00:00:00",25,Sales,10
187,"2017-07-09 00:00:00",53,Sales,2
188,"2017-08-20 00:00:00",14,Sales,64
189,"2017-06-24 00:00:00",50,Sales,35
190,"2017-04-06 00:00:00",55,Sales,30
191,"2017-10-14 00:00:00",44,Sales,75
192,"2017-04-24 00:00:00",84,Sales,51
193,"2017-10-06 00:00:00",44,Sales,26
194,"2017-08-19 00:00:00",34,Sales,40
195,"2017-06-12 00:00:00",76,Sales,71
196,"2017-05-20 00:00:00",80,Sales,69
197,"2017-01-04 00:00:00",29,Sales,10
198,"2017-10-10 00:00:00",71,Sales,45
199,"2017-09-03 00:00:00",77,Sales,92
200,"2017-05-04 00:00:00",81,Sales,86
201,"2017-06-13 00:00:00",74,Sales,12
202,"2017-03-05 00:00:00",91,Sales,81
203,"2017-03-03 00:00:00",11,Sales,44
204,"2017-05-08 00:00:00",86,Sales,41
205,"2017-07-15 00:00:00",2,Sales,42
206,"2017-10-18 00:00:00",79,Sales,57
207,"2017-12-12 00:00:00",18,Sales,23
208,"2017-12-09 00:00:00",95,Sales,72
209,"2017-04-03 00:00:00",77,Sales,10
210,"2017-11-21 00:00:00",72,Sales,37
211,"2017-12-17 00:00:00",63,Sales,9
212,"2017-05-16 00:00:00",7,Sales,85
213,"2017-08-09 00:00:00",53,Sales,7
214,"2017-04-13 00:00:00",17,Sales,81
215,"2017-03-12 00:00:00",24,Sales,98
216,"2017-03-09 00:00:00",90,Sales,71
217,"2017-07-07 00:00:00",6,Sales,41
218,"2017-08-18 00:00:00",33,Sales,36
219,"2017-11-21 00:00:00",11,Sales,41
220,"2017-07-09 00:00:00",83,Sales,26
221,"2017-06-20 00:00:00",62,Sales,96
222,"2017-10-15 00:00:00",29,Sales,74
223,"2017-12-24 00:00:00",6,Sales,8
224,"2017-06-05 00:00:00",79,Sales,48
225,"2017-01-07 00:00:00",83,Sales,26
226,"2017-05-14 00:00:00",30,Sales,22
227,"2017-03-15 00:00:00",60,Sales,43
228,"2017-08-16 00:00:00",55,Sales,76
229,"2017-02-11 00:00:00",15,Sales,5
230,"2017-09-14 00:00:00",24,Sales,77
231,"2017-02-16 00:00:00",50,Sales,85
232,"2017-06-25 00:00:00",72,Sales,15
233,"2017-11-11 00:00:00",9,Sales,51
234,"2017-10-22 00:00:00",96,Sales,80
235,"2017-05-25 00:00:00",57,Sales,42
236,"2017-04-06 00:00:00",50,Sales,96
237,"2017-11-07 00:00:00",36,Sales,8
238,"2017-11-06 00:00:00",71,Sales,46
239,"2017-03-16 00:00:00",69,Sales,3
240,"2017-06-13 00:00:00",67,Sales,48
241,"2017-03-25 00:00:00",85,Sales,53
242,"2017-04-12 00:00:00",88,Sales,38
243,"2017-04-14 00:00:00",63,Sales,5
244,"2017-04-16 00:00:00",50,Sales,13
245,"2017-11-17 00:00:00",82,Sales,33
246,"2017-02-04 00:00:00",25,Sales,99
247,"2017-06-23 00:00:00",69,Sales,74
248,"2017-02-15 00:00:00",42,Sales,23
249,"2017-05-18 00:00:00",34,Sales,15
250,"2017-03-02 00:00:00",34,Sales,49
251,"2017-07-06 00:00:00",54,Sales,72
252,"2017-12-04 00:00:00",70,Sales,87
253,"2017-02-14 00:00:00",39,Sales,55
254,"2017-04-13 00:00:00",74,Sales,70
255,"2017-02-22 00:00:00",67,Sales,97
256,"2017-09-06 00:00:00",34,Sales,42
257,"2017-01-26 00:00:00",80,Sales,95
258,"2017-02-24 00:00:00",55,Sales,76
259,"2017-05-14 00:00:00",89,Sales,88
260,"2017-09-03 00:00:00",1,Sales,25
261,"2017-06-02 00:00:00",15,Sales,82
262,"2017-11-07 00:00:00",100,Sales,60
263,"2017-10-24 00:00:00",29,Sales,10
264,"2017-08-19 00:00:00",63,Sales,71
265,"2017-05-11 00:00:00",57,Sales,42
266,"2017-11-10 00:00:00",33,Sales,26
267,"2017-07-08 00:00:00",13,Sales,28
268,"2017-06-07 00:00:00",51,Sales,35
269,"2017-04-03 00:00:00",8,Sales,67
270,"2017-03-23 00:00:00",69,Sales,15
271,"2017-09-09 00:00:00",14,Sales,56
272,"2017-09-13 00:00:00",1,Sales,57
273,"2017-02-24 00:00:00",19,Sales,44
274,"2017-05-18 00:00:00",1,Sales,1
275,"2017-08-11 00:00:00",27,Sales,7
276,"2017-03-09 00:00:00",24,Sales,70
277,"2017-04-04 00:00:00",70,Sales,25
278,"2017-10-19 00:00:00",83,Sales,43
279,"2017-05-04 00:00:00",37,Sales,23
280,"2017-07-02 00:00:00",66,Sales,94
281,"2017-05-23 00:00:00",22,Sales,39
282,"2017-06-26 00:00:00",17,Sales,98
283,"2017-04-16 00:00:00",46,Sales,72
284,"2017-02-21 00:00:00",94,Sales,18
285,"2017-10-02 00:00:00",19,Sales,31
286,"2017-08-17 00:00:00",80,Sales,100
287,"2017-07-24 00:00:00",11,Sales,60
288,"2017-02-15 00:00:00",8,Sales,68
289,"2017-05-16 00:00:00",90,Sales,97
290,"2017-09-12 00:00:00",78,Sales,37
291,"2017-11-26 00:00:00",40,Sales,31
292,"2017-08-02 00:00:00",40,Sales,53
293,"2017-09-19 00:00:00",70,Sales,8
294,"2017-02-14 00:00:00",23,Sales,35
295,"2017-06-21 00:00:00",28,Sales,90
296,"2017-02-15 00:00:00",69,Sales,75
297,"2017-10-19 00:00:00",14,Sales,21
298,"2017-11-06 00:00:00",8,Sales,88
299,"2017-03-07 00:00:00",24,Sales,93
300,"2017-12-17 00:00:00",16,Sales,44
301,"2017-05-18 00:00:00",68,Sales,100
302,"2017-04-15 00:00:00",67,Sales,29
303,"2017-03-23 00:00:00",13,Sales,21
304,"2017-11-22 00:00:00",56,Sales,60
305,"2017-03-08 00:00:00",19,Sales,51
306,"2017-10-26 00:00:00",46,Sales,31
307,"2017-10-10 00:00:00",35,Sales,14
308,"2017-04-03 00:00:00",46,Sales,97
309,"2017-05-08 00:00:00",41,Sales,58
310,"2017-09-17 00:00:00",39,Sales,6
311,"2017-02-03 00:00:00",92,Sales,88
312,"2017-10-06 00:00:00",74,Sales,92
313,"2017-11-20 00:00:00",30,Sales,68
314,"2017-07-03 00:00:00",57,Sales,41
315,"2017-07-06 00:00:00",92,Sales,6
316,"2017-07-03 00:00:00",12,Sales,6
317,"2017-10-09 00:00:00",88,Sales,56
318,"2017-05-09 00:00:00",81,Sales,14
319,"2017-08-06 00:00:00",83,Sales,32
320,"2017-09-20 00:00:00",8,Sales,87
321,"2017-02-09 00:00:00",99,Sales,55
322,"2017-12-23 00:00:00",40,Sales,35
323,"2017-05-03 00:00:00",34,Sales,45
324,"2017-07-15 00:00:00",52,Sales,4
325,"2017-09-18 00:00:00",71,Sales,37
326,"2017-05-11 00:00:00",92,Sales,9
327,"2017-10-02 00:00:00",26,Sales,64
328,"2017-09-06 00:00:00",76,Sales,57
329,"2017-02-21 00:00:00",87,Sales,34
330,"2017-01-25 00:00:00",82,Sales,100
331,"2017-06-05 00:00:00",25,Sales,18
332,"2017-02-05 00:00:00",27,Sales,99
333,"2017-11-14 00:00:00",59,Sales,51
334,"2017-10-05 00:00:00",59,Sales,22
335,"2017-12-25 00:00:00",36,Sales,26
336,"2017-12-06 00:00:00",88,Sales,22
337,"2017-08-09 00:00:00",71,Sales,59
338,"2017-01-17 00:00:00",43,Sales,86
339,"2017-05-09 00:00:00",61,Sales,34
340,"2017-10-21 00:00:00",55,Sales,74
341,"2017-10-17 00:00:00",34,Sales,62
342,"2017-06-16 00:00:00",69,Sales,88
343,"2017-08-03 00:00:00",61,Sales,51
344,"2017-08-13 00:00:00",1,Sales,14
345,"2017-01-23 00:00:00",60,Sales,10
346,"2017-06-24 00:00:00",33,Sales,44
347,"2017-08-21 00:00:00",12,Sales,49
348,"2017-07-14 00:00:00",24,Sales,66
349,"2017-08-22 00:00:00",52,Sales,70
350,"2017-07-16 00:00:00",8,Sales,10
351,"2017-08-22 00:00:00",95,Sales,20
352,"2017-04-08 00:00:00",87,Sales,82
353,"2017-11-17 00:00:00",69,Sales,8
354,"2017-06-25 00:00:00",89,Sales,96
355,"2017-02-23 00:00:00",34,Sales,45
356,"2017-10-09 00:00:00",100,Sales,64
357,"2017-04-02 00:00:00",16,Sales,67
358,"2017-03-21 00:00:00",94,Sales,57
359,"2017-03-08 00:00:00",82,Sales,68
360,"2017-07-23 00:00:00",41,Sales,59
361,"2017-01-05 00:00:00",43,Sales,38
362,"2017-04-04 00:00:00",31,Sales,88
363,"2017-06-26 00:00:00",78,Sales,97
364,"2017-01-22 00:00:00",73,Sales,20
365,"2017-01-14 00:00:00",97,Sales,46
366,"2017-04-18 00:00:00",11,Sales,67
367,"2017-09-08 00:00:00",39,Sales,57
368,"2017-01-22 00:00:00",8,Sales,93
369,"2017-08-21 00:00:00",81,Sales,6
370,"2017-05-19 00:00:00",93,Sales,37
371,"2017-06-24 00:00:00",65,Sales,54
372,"2017-03-09 00:00:00",83,Sales,46
373,"2017-04-06 00:00:00",53,Sales,6
374,"2017-08-20 00:00:00",97,Sales,99
375,"2017-12-08 00:00:00",78,Sales,76
376,"2017-07-17 00:00:00",76,Sales,99
377,"2017-01-23 00:00:00",53,Sales,91
378,"2017-05-19 00:00:00",61,Sales,33
379,"2017-11-07 00:00:00",44,Sales,24
380,"2017-02-15 00:00:00",71,Sales,36
381,"2017-12-05 00:00:00",49,Sales,77
382,"2017-12-11 00:00:00",49,Sales,32
383,"2017-02-14 00:00:00",66,Sales,96
384,"2017-10-14 00:00:00",12,Sales,34
385,"2017-01-17 00:00:00",24,Sales,37
386,"2017-02-12 00:00:00",67,Sales,52
387,"2017-11-24 00:00:00",20,Sales,12
388,"2017-01-21 00:00:00",44,Sales,60
389,"2017-03-15 00:00:00",64,Sales,51
390,"2017-06-13 00:00:00",80,Sales,36
391,"2017-11-17 00:00:00",92,Sales,20
392,"2017-03-22 00:00:00",23,Sales,13
393,"2017-09-22 00:00:00",98,Sales,13
394,"2017-11-11 00:00:00",98,Sales,33
395,"2017-07-03 00:00:00",9,Sales,33
396,"2017-08-20 00:00:00",42,Sales,20
397,"2017-07-05 00:00:00",98,Sales,47
398,"2017-09-08 00:00:00",13,Sales,19
399,"2017-07-18 00:00:00",68,Sales,39
400,"2017-02-10 00:00:00",22,Sales,38
401,"2017-01-04 00:00:00",99,Sales,15
402,"2017-01-20 00:00:00",85,Sales,38
403,"2017-12-14 00:00:00",94,Sales,7
404,"2017-09-25 00:00:00",71,Sales,15
405,"2017-08-24 00:00:00",30,Sales,80
406,"2017-07-16 00:00:00",39,Sales,43
407,"2017-08-25 00:00:00",18,Sales,38
408,"2017-08-18 00:00:00",48,Sales,98
409,"2017-05-07 00:00:00",93,Sales,71
410,"2017-05-09 00:00:00",85,Sales,98
411,"2017-03-06 00:00:00",22,Sales,39
412,"2017-01-19 00:00:00",87,Sales,23
413,"2017-01-11 00:00:00",66,Sales,87
414,"2017-06-03 00:00:00",72,Sales,60
415,"2017-04-25 00:00:00",52,Sales,55
416,"2017-03-23 00:00:00",44,Sales,28
417,"2017-03-24 00:00:00",26,Sales,82
418,"2017-12-24 00:00:00",9,Sales,33
419,"2017-11-21 00:00:00",95,Sales,23
420,"2017-11-06 00:00:00",94,Sales,13
421,"2017-09-12 00:00:00",32,Sales,21
422,"2017-09-05 00:00:00",15,Sales,11
423,"2017-01-17 00:00:00",52,Sales,29
424,"2017-06-15 00:00:00",1,Sales,82
425,"2017-07-15 00:00:00",70,Sales,32
426,"2017-12-19 00:00:00",41,Sales,84
427,"2017-10-03 00:00:00",83,Sales,47
428,"2017-08-04 00:00:00",42,Sales,25
429,"2017-02-15 00:00:00",53,Sales,55
430,"2017-10-06 00:00:00",50,Sales,26
431,"2017-12-08 00:00:00",61,Sales,29
432,"2017-11-23 00:00:00",56,Sales,5
433,"2017-04-07 00:00:00",7,Sales,83
434,"2017-06-11 00:00:00",92,Sales,37
435,"2017-06-18 00:00:00",9,Sales,49
436,"2017-07-21 00:00:00",67,Sales,61
437,"2017-01-25 00:00:00",39,Sales,10
438,"2017-11-17 00:00:00",23,Sales,57
439,"2017-03-22 00:00:00",7,Sales,51
440,"2017-10-09 00:00:00",15,Sales,67
441,"2017-02-03 00:00:00",27,Sales,33
442,"2017-01-09 00:00:00",41,Sales,2
443,"2017-04-14 00:00:00",40,Sales,18
444,"2017-06-05 00:00:00",7,Sales,89
445,"2017-02-02 00:00:00",31,Sales,26
446,"2017-11-26 00:00:00",47,Sales,37
447,"2017-12-12 00:00:00",53,Sales,54
448,"2017-07-22 00:00:00",88,Sales,62
449,"2017-06-18 00:00:00",54,Sales,27
450,"2017-01-07 00:00:00",19,Sales,4
451,"2017-02-14 00:00:00",64,Sales,94
452,"2017-02-19 00:00:00",64,Sales,79
453,"2017-11-08 00:00:00",95,Sales,85
454,"2017-01-07 00:00:00",90,Sales,41
455,"2017-08-05 00:00:00",33,Sales,80
456,"2017-05-16 00:00:00",84,Sales,4
457,"2017-11-05 00:00:00",2,Sales,26
458,"2017-08-24 00:00:00",84,Sales,99
459,"2017-01-12 00:00:00",52,Sales,96
460,"2017-07-10 00:00:00",26,Sales,55
461,"2017-05-25 00:00:00",5,Sales,66
462,"2017-10-03 00:00:00",47,Sales,17
463,"2017-10-08 00:00:00",98,Sales,32
464,"2017-02-04 00:00:00",72,Sales,97
465,"2017-11-21 00:00:00",58,Sales,57
466,"2017-05-12 00:00:00",65,Sales,59
467,"2017-03-24 00:00:00",47,Sales,80
468,"2017-07-20 00:00:00",16,Sales,84
469,"2017-07-03 00:00:00",68,Sales,63
470,"2017-08-13 00:00:00",99,Sales,95
471,"2017-12-11 00:00:00",51,Sales,34
472,"2017-01-18 00:00:00",3,Sales,46
473,"2017-08-23 00:00:00",2,Sales,72
474,"2017-06-19 00:00:00",9,Sales,5
475,"2017-03-08 00:00:00",90,Sales,58
476,"2017-12-06 00:00:00",5,Sales,82
477,"2017-10-03 00:00:00",4,Sales,27
478,"2017-11-15 00:00:00",78,Sales,48
479,"2017-07-21 00:00:00",35,Sales,19
480,"2017-01-07 00:00:00",18,Sales,3
481,"2017-03-14 00:00:00",53,Sales,55
482,"2017-11-10 00:00:00",14,Sales,51
483,"2017-08-18 00:00:00",37,Sales,86
484,"2017-07-04 00:00:00",90,Sales,48
485,"2017-02-19 00:00:00",35,Sales,56
486,"2017-09-21 00:00:00",39,Sales,34
487,"2017-11-08 00:00:00",26,Sales,84
488,"2017-07-04 00:00:00",27,Sales,10
489,"2017-07-24 00:00:00",28,Sales,55
490,"2017-10-14 00:00:00",6,Sales,82
491,"2017-04-15 00:00:00",94,Sales,44
492,"2017-03-18 00:00:00",61,Sales,80
493,"2017-11-02 00:00:00",69,Sales,56
494,"2017-04-07 00:00:00",44,Sales,75
495,"2017-02-04 00:00:00",82,Sales,65
496,"2017-08-21 00:00:00",64,Sales,14
497,"2017-04-14 00:00:00",61,Sales,68
498,"2017-12-13 00:00:00",34,Sales,95
499,"2017-02-09 00:00:00",28,Sales,21
500,"2017-04-04 00:00:00",43,Sales,81
501,"2017-05-13 00:00:00",95,Sales,79
502,"2017-06-25 00:00:00",19,Sales,92
503,"2017-12-19 00:00:00",77,Sales,87
504,"2017-05-23 00:00:00",33,Sales,25
505,"2017-11-15 00:00:00",94,Sales,39
506,"2017-03-06 00:00:00",69,Sales,31
507,"2017-10-20 00:00:00",85,Sales,74
508,"2017-06-02 00:00:00",85,Sales,20
509,"2017-08-08 00:00:00",23,Sales,29
510,"2017-04-06 00:00:00",25,Sales,12
511,"2017-10-11 00:00:00",95,Sales,73
512,"2017-08-15 00:00:00",95,Sales,21
513,"2017-08-26 00:00:00",20,Sales,95
514,"2017-06-24 00:00:00",19,Sales,24
515,"2017-01-19 00:00:00",18,Sales,50
516,"2017-09-25 00:00:00",15,Sales,57
517,"2017-11-16 00:00:00",61,Sales,23
518,"2017-01-17 00:00:00",36,Sales,1
519,"2017-03-20 00:00:00",11,Sales,92
520,"2017-07-26 00:00:00",32,Sales,25
521,"2017-01-11 00:00:00",19,Sales,58
522,"2017-04-26 00:00:00",60,Sales,68
523,"2017-03-12 00:00:00",97,Sales,52
524,"2017-07-17 00:00:00",84,Sales,23
525,"2017-05-23 00:00:00",68,Sales,8
526,"2017-07-26 00:00:00",40,Sales,64
527,"2017-12-26 00:00:00",74,Sales,99
528,"2017-05-10 00:00:00",39,Sales,43
529,"2017-04-07 00:00:00",32,Sales,44
530,"2017-06-20 00:00:00",90,Sales,72
531,"2017-07-13 00:00:00",30,Sales,48
532,"2017-05-13 00:00:00",90,Sales,97
533,"2017-05-04 00:00:00",98,Sales,99
534,"2017-03-24 00:00:00",92,Sales,44
535,"2017-01-26 00:00:00",72,Sales,64
536,"2017-04-21 00:00:00",3,Sales,9
537,"2017-07-19 00:00:00",27,Sales,27
538,"2017-10-26 00:00:00",36,Sales,32
539,"2017-03-26 00:00:00",37,Sales,12
540,"2017-06-22 00:00:00",20,Sales,44
541,"2017-06-13 00:00:00",62,Sales,80
542,"2017-10-13 00:00:00",26,Sales,80
543,"2017-12-06 00:00:00",30,Sales,38
544,"2017-02-12 00:00:00",17,Sales,15
545,"2017-07-15 00:00:00",70,Sales,52
546,"2017-08-12 00:00:00",97,Sales,9
547,"2017-05-09 00:00:00",14,Sales,73
548,"2017-06-14 00:00:00",8,Sales,85
549,"2017-08-13 00:00:00",54,Sales,79
550,"2017-06-25 00:00:00",55,Sales,81
551,"2017-05-06 00:00:00",85,Sales,32
552,"2017-04-10 00:00:00",9,Sales,70
553,"2017-07-13 00:00:00",54,Sales,76
554,"2017-10-06 00:00:00",13,Sales,98
555,"2017-03-03 00:00:00",52,Sales,90
556,"2017-10-19 00:00:00",2,Sales,26
557,"2017-08-15 00:00:00",92,Sales,23
558,"2017-04-04 00:00:00",48,Sales,6
559,"2017-09-07 00:00:00",12,Sales,18
560,"2017-08-09 00:00:00",42,Sales,32
561,"2017-06-19 00:00:00",41,Sales,35
562,"2017-11-11 00:00:00",19,Sales,9
563,"2017-01-19 00:00:00",17,Sales,68
564,"2017-06-24 00:00:00",55,Sales,73
565,"2017-01-11 00:00:00",59,Sales,83
566,"2017-11-06 00:00:00",32,Sales,53
567,"2017-05-03 00:00:00",87,Sales,75
568,"2017-01-26 00:00:00",43,Sales,99
569,"2017-12-20 00:00:00",32,Sales,90
570,"2017-02-03 00:00:00",97,Sales,47
571,"2017-05-04 00:00:00",41,Sales,83
572,"2017-12-10 00:00:00",44,Sales,39
573,"2017-11-23 00:00:00",45,Sales,86
574,"2017-04-25 00:00:00",79,Sales,59
575,"2017-02-26 00:00:00",100,Sales,36
576,"2017-01-22 00:00:00",75,Sales,54
577,"2017-08-16 00:00:00",12,Sales,83
578,"2017-09-05 00:00:00",99,Sales,41
579,"2017-12-05 00:00:00",75,Sales,51
580,"2017-07-04 00:00:00",4,Sales,49
581,"2017-12-06 00:00:00",97,Sales,83
582,"2017-09-03 00:00:00",92,Sales,19
583,"2017-05-12 00:00:00",76,Sales,36
584,"2017-06-09 00:00:00",53,Sales,51
585,"2017-08-17 00:00:00",60,Sales,17
586,"2017-02-21 00:00:00",35,Sales,99
587,"2017-03-02 00:00:00",59,Sales,35
588,"2017-02-04 00:00:00",16,Sales,15
589,"2017-08-25 00:00:00",75,Sales,85
590,"2017-08-07 00:00:00",55,Sales,8
591,"2017-11-15 00:00:00",36,Sales,53
592,"2017-10-10 00:00:00",4,Sales,99
593,"2017-10-24 00:00:00",75,Sales,15
594,"2017-04-22 00:00:00",71,Sales,32
595,"2017-05-18 00:00:00",14,Sales,42
596,"2017-07-26 00:00:00",42,Sales,6
597,"2017-10-02 00:00:00",11,Sales,59
598,"2017-10-13 00:00:00",25,Sales,64
599,"2017-07-12 00:00:00",29,Sales,31
600,"2017-03-05 00:00:00",75,Sales,25
601,"2017-05-03 00:00:00",41,Sales,98
602,"2017-06-13 00:00:00",90,Sales,58
603,"2017-06-24 00:00:00",6,Sales,10
604,"2017-09-13 00:00:00",68,Sales,16
605,"2017-05-13 00:00:00",87,Sales,20
606,"2017-12-16 00:00:00",90,Sales,83
607,"2017-03-24 00:00:00",61,Sales,43
608,"2017-03-11 00:00:00",24,Sales,81
609,"2017-05-10 00:00:00",88,Sales,95
610,"2017-12-25 00:00:00",93,Sales,63
611,"2017-04-22 00:00:00",71,Sales,74
612,"2017-03-02 00:00:00",14,Sales,2
613,"2017-02-10 00:00:00",41,Sales,59
614,"2017-05-21 00:00:00",48,Sales,11
615,"2017-07-05 00:00:00",30,Sales,95
616,"2017-01-02 00:00:00",47,Sales,75
617,"2017-06-24 00:00:00",66,Sales,91
618,"2017-10-02 00:00:00",62,Sales,78
619,"2017-05-06 00:00:00",76,Sales,11
620,"2017-08-14 00:00:00",77,Sales,13
621,"2017-12-26 00:00:00",55,Sales,59
622,"2017-01-21 00:00:00",1,Sales,11
623,"2017-07-25 00:00:00",21,Sales,78
624,"2017-07-09 00:00:00",50,Sales,34
625,"2017-01-22 00:00:00",88,Sales,42
626,"2017-02-15 00:00:00",96,Sales,46
627,"2017-09-07 00:00:00",93,Sales,51
628,"2017-11-19 00:00:00",90,Sales,86
629,"2017-06-14 00:00:00",93,Sales,43
630,"2017-01-14 00:00:00",23,Sales,77
631,"2017-03-24 00:00:00",63,Sales,69
632,"2017-08-13 00:00:00",93,Sales,20
633,"2017-04-20 00:00:00",94,Sales,50
634,"2017-07-24 00:00:00",24,Sales,30
635,"2017-03-18 00:00:00",74,Sales,90
636,"2017-06-10 00:00:00",77,Sales,79
637,"2017-03-13 00:00:00",69,Sales,69
638,"2017-01-25 00:00:00",13,Sales,98
639,"2017-03-08 00:00:00",1,Sales,18
640,"2017-06-11 00:00:00",85,Sales,11
641,"2017-09-18 00:00:00",6,Sales,52
642,"2017-09-24 00:00:00",65,Sales,51
643,"2017-07-10 00:00:00",68,Sales,58
644,"2017-01-06 00:00:00",56,Sales,43
645,"2017-08-15 00:00:00",10,Sales,19
646,"2017-05-04 00:00:00",50,Sales,79
647,"2017-05-16 00:00:00",35,Sales,90
648,"2017-04-16 00:00:00",22,Sales,50
649,"2017-02-11 00:00:00",4,Sales,6
650,"2017-04-26 00:00:00",99,Sales,81
651,"2017-07-15 00:00:00",86,Sales,39
652,"2017-08-15 00:00:00",38,Sales,47
653,"2017-01-07 00:00:00",19,Sales,49
654,"2017-06-26 00:00:00",69,Sales,54
655,"2017-11-08 00:00:00",76,Sales,53
656,"2017-11-14 00:00:00",49,Sales,41
657,"2017-10-18 00:00:00",6,Sales,25
658,"2017-12-06 00:00:00",93,Sales,30
659,"2017-06-22 00:00:00",25,Sales,23
660,"2017-01-25 00:00:00",52,Sales,84
661,"2017-09-19 00:00:00",51,Sales,74
662,"2017-02-04 00:00:00",5,Sales,51
663,"2017-07-05 00:00:00",69,Sales,39
664,"2017-03-22 00:00:00",80,Sales,12
665,"2017-10-25 00:00:00",39,Sales,94
666,"2017-04-18 00:00:00",64,Sales,51
667,"2017-12-03 00:00:00",98,Sales,76
668,"2017-09-02 00:00:00",54,Sales,48
669,"2017-05-24 00:00:00",95,Sales,41
670,"2017-03-26 00:00:00",66,Sales,34
671,"2017-10-20 00:00:00",6,Sales,4
672,"2017-12-25 00:00:00",45,Sales,96
673,"2017-02-17 00:00:00",11,Sales,60
674,"2017-12-10 00:00:00",97,Sales,94
675,"2017-10-10 00:00:00",77,Sales,87
676,"2017-02-04 00:00:00",21,Sales,60
677,"2017-04-24 00:00:00",61,Sales,65
678,"2017-09-03 00:00:00",9,Sales,2
679,"2017-02-12 00:00:00",94,Sales,58
680,"2017-11-23 00:00:00",78,Sales,78
681,"2017-04-04 00:00:00",31,Sales,29
682,"2017-04-23 00:00:00",39,Sales,56
683,"2017-08-22 00:00:00",76,Sales,38
684,"2017-05-19 00:00:00",56,Sales,96
685,"2017-10-23 00:00:00",22,Sales,70
686,"2017-08-26 00:00:00",92,Sales,24
687,"2017-04-03 00:00:00",56,Sales,99
688,"2017-12-02 00:00:00",16,Sales,68
689,"2017-08-14 00:00:00",68,Sales,58
690,"2017-06-25 00:00:00",59,Sales,60
691,"2017-04-15 00:00:00",30,Sales,26
692,"2017-04-15 00:00:00",95,Sales,37
693,"2017-01-03 00:00:00",10,Sales,24
694,"2017-07-14 00:00:00",18,Sales,14
695,"2017-02-24 00:00:00",13,Sales,15
696,"2017-02-09 00:00:00",22,Sales,58
697,"2017-09-13 00:00:00",8,Sales,68
698,"2017-10-12 00:00:00",49,Sales,22
699,"2017-03-06 00:00:00",80,Sales,73
700,"2017-02-16 00:00:00",59,Sales,66
701,"2017-02-05 00:00:00",59,Sales,44
702,"2017-07-13 00:00:00",21,Sales,4
703,"2017-06-02 00:00:00",11,Sales,54
704,"2017-06-12 00:00:00",22,Sales,82
705,"2017-01-23 00:00:00",98,Sales,17
706,"2017-08-12 00:00:00",26,Sales,87
707,"2017-03-26 00:00:00",100,Sales,90
708,"2017-05-11 00:00:00",18,Sales,34
709,"2017-09-09 00:00:00",51,Sales,6
710,"2017-04-02 00:00:00",77,Sales,42
711,"2017-02-17 00:00:00",92,Sales,31
712,"2017-07-16 00:00:00",85,Sales,2
713,"2017-05-11 00:00:00",40,Sales,82
714,"2017-02-16 00:00:00",28,Sales,75
715,"2017-11-19 00:00:00",61,Sales,40
716,"2017-09-05 00:00:00",51,Sales,81
717,"2017-03-05 00:00:00",71,Sales,100
718,"2017-12-02 00:00:00",64,Sales,52
719,"2017-01-24 00:00:00",53,Sales,62
720,"2017-01-09 00:00:00",87,Sales,30
721,"2017-11-21 00:00:00",85,Sales,26
722,"2017-12-22 00:00:00",31,Sales,28
723,"2017-03-10 00:00:00",97,Sales,79
724,"2017-10-03 00:00:00",19,Sales,90
725,"2017-12-24 00:00:00",11,Sales,74
726,"2017-01-07 00:00:00",24,Sales,74
727,"2017-09-15 00:00:00",63,Sales,66
728,"2017-04-09 00:00:00",46,Sales,95
729,"2017-08-13 00:00:00",7,Sales,73
730,"2017-12-13 00:00:00",4,Sales,50
731,"2017-06-19 00:00:00",6,Sales,29
732,"2017-11-21 00:00:00",83,Sales,74
733,"2017-11-15 00:00:00",28,Sales,76
734,"2017-04-23 00:00:00",20,Sales,82
735,"2017-05-21 00:00:00",2,Sales,17
736,"2017-11-15 00:00:00",56,Sales,55
737,"2017-03-17 00:00:00",63,Sales,54
738,"2017-09-26 00:00:00",40,Sales,58
739,"2017-09-04 00:00:00",84,Sales,70
740,"2017-02-11 00:00:00",69,Sales,33
741,"2017-12-16 00:00:00",8,Sales,37
742,"2017-05-25 00:00:00",1,Sales,41
743,"2017-07-04 00:00:00",61,Sales,75
744,"2017-05-05 00:00:00",97,Sales,12
745,"2017-05-25 00:00:00",13,Sales,59
746,"2017-03-17 00:00:00",71,Sales,90
747,"2017-08-05 00:00:00",85,Sales,38
748,"2017-09-06 00:00:00",77,Sales,15
749,"2017-09-10 00:00:00",78,Sales,51
750,"2017-03-26 00:00:00",91,Sales,54
751,"2017-08-22 00:00:00",90,Sales,94
752,"2017-02-26 00:00:00",49,Sales,81
753,"2017-04-25 00:00:00",4,Sales,78
754,"2017-06-02 00:00:00",82,Sales,100
755,"2017-06-06 00:00:00",4,Sales,61
756,"2017-01-08 00:00:00",80,Sales,31
757,"2017-07-25 00:00:00",31,Sales,30
758,"2017-11-24 00:00:00",38,Sales,46
759,"2017-06-04 00:00:00",100,Sales,83
760,"2017-01-13 00:00:00",77,Sales,42
761,"2017-05-14 00:00:00",26,Sales,52
762,"2017-06-10 00:00:00",98,Sales,18
763,"2017-06-20 00:00:00",60,Sales,11
764,"2017-03-13 00:00:00",3,Sales,57
765,"2017-07-17 00:00:00",47,Sales,78
766,"2017-11-20 00:00:00",88,Sales,18
767,"2017-06-24 00:00:00",45,Sales,48
768,"2017-10-21 00:00:00",69,Sales,40
769,"2017-09-26 00:00:00",53,Sales,19
770,"2017-05-13 00:00:00",49,Sales,16
771,"2017-09-16 00:00:00",77,Sales,53
772,"2017-10-19 00:00:00",42,Sales,85
773,"2017-10-20 00:00:00",68,Sales,67
774,"2017-09-14 00:00:00",51,Sales,92
775,"2017-05-25 00:00:00",79,Sales,47
776,"2017-12-07 00:00:00",7,Sales,65
777,"2017-03-08 00:00:00",16,Sales,6
778,"2017-06-18 00:00:00",69,Sales,14
779,"2017-07-14 00:00:00",66,Sales,13
780,"2017-03-17 00:00:00",39,Sales,29
781,"2017-05-20 00:00:00",32,Sales,82
782,"2017-06-14 00:00:00",49,Sales,95
783,"2017-11-06 00:00:00",62,Sales,29
784,"2017-12-16 00:00:00",43,Sales,96
785,"2017-06-03 00:00:00",12,Sales,77
786,"2017-10-16 00:00:00",75,Sales,33
787,"2017-04-26 00:00:00",15,Sales,60
788,"2017-04-10 00:00:00",31,Sales,50
789,"2017-03-18 00:00:00",34,Sales,58
790,"2017-09-08 00:00:00",35,Sales,8
791,"2017-04-19 00:00:00",54,Sales,36
792,"2017-01-16 00:00:00",22,Sales,45
793,"2017-07-17 00:00:00",39,Sales,4
794,"2017-01-14 00:00:00",42,Sales,86
795,"2017-07-14 00:00:00",54,Sales,42
796,"2017-09-17 00:00:00",99,Sales,26
797,"2017-03-14 00:00:00",6,Sales,18
798,"2017-07-05 00:00:00",99,Sales,76
799,"2017-04-22 00:00:00",23,Sales,16
800,"2017-12-24 00:00:00",50,Sales,28
801,"2017-12-16 00:00:00",28,Sales,10
802,"2017-11-12 00:00:00",1,Sales,23
803,"2017-04-13 00:00:00",7,Sales,14
804,"2017-10-10 00:00:00",15,Sales,84
805,"2017-07-07 00:00:00",46,Sales,50
806,"2017-05-11 00:00:00",14,Sales,34
807,"2017-12-15 00:00:00",7,Sales,89
808,"2017-05-14 00:00:00",25,Sales,10
809,"2017-05-24 00:00:00",20,Sales,23
810,"2017-03-26 00:00:00",76,Sales,26
811,"2017-03-03 00:00:00",28,Sales,66
812,"2017-09-06 00:00:00",43,Sales,24
813,"2017-09-14 00:00:00",43,Sales,59
814,"2017-12-15 00:00:00",42,Sales,34
815,"2017-08-06 00:00:00",71,Sales,3
816,"2017-07-14 00:00:00",43,Sales,9
817,"2017-08-17 00:00:00",49,Sales,20
818,"2017-10-13 00:00:00",13,Sales,19
819,"2017-09-07 00:00:00",34,Sales,94
820,"2017-08-14 00:00:00",14,Sales,23
821,"2017-08-02 00:00:00",80,Sales,10
822,"2017-12-23 00:00:00",88,Sales,58
823,"2017-03-05 00:00:00",97,Sales,22
824,"2017-11-12 00:00:00",54,Sales,85
825,"2017-06-26 00:00:00",93,Sales,62
826,"2017-01-08 00:00:00",60,Sales,3
827,"2017-09-02 00:00:00",71,Sales,65
828,"2017-10-17 00:00:00",49,Sales,35
829,"2017-04-16 00:00:00",3,Sales,89
830,"2017-10-16 00:00:00",48,Sales,51
831,"2017-03-16 00:00:00",100,Sales,87
832,"2017-04-22 00:00:00",100,Sales,20
833,"2017-09-06 00:00:00",86,Sales,57
834,"2017-04-18 00:00:00",15,Sales,71
835,"2017-08-13 00:00:00",64,Sales,77
836,"2017-12-25 00:00:00",64,Sales,90
837,"2017-07-21 00:00:00",82,Sales,49
838,"2017-05-12 00:00:00",57,Sales,61
839,"2017-07-19 00:00:00",52,Sales,74
840,"2017-03-06 00:00:00",89,Sales,48
841,"2017-08-09 00:00:00",25,Sales,73
842,"2017-04-10 00:00:00",67,Sales,5
843,"2017-04-05 00:00:00",57,Sales,22
844,"2017-01-11 00:00:00",21,Sales,71
845,"2017-01-17 00:00:00",40,Sales,14
846,"2017-02-11 00:00:00",60,Sales,11
847,"2017-10-20 00:00:00",69,Sales,83
848,"2017-02-21 00:00:00",44,Sales,50
849,"2017-04-19 00:00:00",92,Sales,17
850,"2017-08-18 00:00:00",99,Sales,1
851,"2017-06-22 00:00:00",43,Sales,44
852,"2017-03-09 00:00:00",85,Sales,25
853,"2017-07-13 00:00:00",40,Sales,92
854,"2017-03-18 00:00:00",40,Sales,14
855,"2017-11-09 00:00:00",54,Sales,47
856,"2017-12-05 00:00:00",79,Sales,92
857,"2017-01-22 00:00:00",7,Sales,59
858,"2017-07-22 00:00:00",75,Sales,23
859,"2017-01-20 00:00:00",69,Sales,94
860,"2017-05-05 00:00:00",100,Sales,98
861,"2017-10-18 00:00:00",86,Sales,82
862,"2017-01-24 00:00:00",78,Sales,33
863,"2017-02-03 00:00:00",37,Sales,76
864,"2017-10-08 00:00:00",5,Sales,57
865,"2017-08-12 00:00:00",78,Sales,38
866,"2017-04-16 00:00:00",31,Sales,40
867,"2017-09-13 00:00:00",33,Sales,22
868,"2017-08-11 00:00:00",67,Sales,98
869,"2017-08-16 00:00:00",96,Sales,80
870,"2017-07-14 00:00:00",5,Sales,93
871,"2017-10-07 00:00:00",37,Sales,1
872,"2017-10-17 00:00:00",41,Sales,29
873,"2017-04-24 00:00:00",17,Sales,80
874,"2017-02-18 00:00:00",48,Sales,47
875,"2017-02-10 00:00:00",55,Sales,80
876,"2017-12-06 00:00:00",14,Sales,76
877,"2017-02-20 00:00:00",77,Sales,85
878,"2017-01-03 00:00:00",59,Sales,56
879,"2017-06-09 00:00:00",86,Sales,92
880,"2017-10-08 00:00:00",13,Sales,66
881,"2017-07-21 00:00:00",22,Sales,49
882,"2017-01-04 00:00:00",62,Sales,65
883,"2017-10-07 00:00:00",15,Sales,33
884,"2017-09-19 00:00:00",48,Sales,90
885,"2017-05-14 00:00:00",43,Sales,57
886,"2017-09-23 00:00:00",39,Sales,77
887,"2017-07-19 00:00:00",44,Sales,29
888,"2017-12-11 00:00:00",22,Sales,68
889,"2017-06-02 00:00:00",67,Sales,51
890,"2017-02-11 00:00:00",5,Sales,11
891,"2017-04-13 00:00:00",4,Sales,93
892,"2017-04-06 00:00:00",44,Sales,91
893,"2017-07-19 00:00:00",74,Sales,68
894,"2017-07-04 00:00:00",70,Sales,21
895,"2017-05-08 00:00:00",76,Sales,65
896,"2017-08-18 00:00:00",97,Sales,95
897,"2017-04-10 00:00:00",88,Sales,38
898,"2017-12-15 00:00:00",2,Sales,96
899,"2017-05-15 00:00:00",76,Sales,2
900,"2017-02-08 00:00:00",8,Sales,48
901,"2017-12-20 00:00:00",28,Sales,89
902,"2017-09-12 00:00:00",98,Sales,40
903,"2017-03-22 00:00:00",95,Sales,67
904,"2017-09-05 00:00:00",51,Sales,95
905,"2017-02-12 00:00:00",13,Sales,73
906,"2017-07-04 00:00:00",4,Sales,2
907,"2017-07-13 00:00:00",63,Sales,21
908,"2017-01-25 00:00:00",90,Sales,42
909,"2017-06-14 00:00:00",22,Sales,61
910,"2017-08-26 00:00:00",26,Sales,5
911,"2017-03-21 00:00:00",22,Sales,85
912,"2017-11-25 00:00:00",9,Sales,29
913,"2017-03-04 00:00:00",55,Sales,86
914,"2017-08-23 00:00:00",59,Sales,56
915,"2017-10-15 00:00:00",48,Sales,23
916,"2017-03-16 00:00:00",66,Sales,55
917,"2017-11-09 00:00:00",13,Sales,84
918,"2017-12-10 00:00:00",44,Sales,82
919,"2017-12-08 00:00:00",76,Sales,95
920,"2017-10-09 00:00:00",24,Sales,22
921,"2017-03-14 00:00:00",73,Sales,86
922,"2017-06-08 00:00:00",33,Sales,50
923,"2017-01-06 00:00:00",31,Sales,86
924,"2017-11-25 00:00:00",57,Sales,97
925,"2017-06-09 00:00:00",58,Sales,62
926,"2017-02-24 00:00:00",94,Sales,8
927,"2017-08-06 00:00:00",15,Sales,27
928,"2017-02-05 00:00:00",86,Sales,59
929,"2017-08-24 00:00:00",84,Sales,8
930,"2017-06-11 00:00:00",87,Sales,64
931,"2017-09-04 00:00:00",79,Sales,16
932,"2017-05-17 00:00:00",79,Sales,37
933,"2017-03-05 00:00:00",72,Sales,2
934,"2017-12-08 00:00:00",37,Sales,83
935,"2017-07-10 00:00:00",78,Sales,43
936,"2017-04-04 00:00:00",70,Sales,16
937,"2017-04-02 00:00:00",88,Sales,100
938,"2017-02-14 00:00:00",48,Sales,44
939,"2017-08-07 00:00:00",95,Sales,85
940,"2017-01-12 00:00:00",99,Sales,63
941,"2017-01-21 00:00:00",42,Sales,33
942,"2017-09-11 00:00:00",99,Sales,82
943,"2017-05-07 00:00:00",17,Sales,61
944,"2017-10-23 00:00:00",75,Sales,26
945,"2017-05-10 00:00:00",76,Sales,54
946,"2017-04-04 00:00:00",80,Sales,34
947,"2017-05-15 00:00:00",22,Sales,78
948,"2017-01-04 00:00:00",30,Sales,81
949,"2017-04-10 00:00:00",6,Sales,49
950,"2017-01-03 00:00:00",31,Sales,13
951,"2017-01-26 00:00:00",81,Sales,40
952,"2017-10-14 00:00:00",77,Sales,90
953,"2017-11-08 00:00:00",54,Sales,67
954,"2017-01-12 00:00:00",5,Sales,38
955,"2017-05-08 00:00:00",78,Sales,15
956,"2017-06-12 00:00:00",27,Sales,3
957,"2017-12-23 00:00:00",71,Sales,94
958,"2017-04-22 00:00:00",61,Sales,73
959,"2017-11-03 00:00:00",69,Sales,3
960,"2017-02-13 00:00:00",61,Sales,96
961,"2017-06-17 00:00:00",68,Sales,45
962,"2017-11-07 00:00:00",9,Sales,48
963,"2017-01-26 00:00:00",74,Sales,12
964,"2017-04-26 00:00:00",24,Sales,18
965,"2017-09-06 00:00:00",62,Sales,9
966,"2017-01-24 00:00:00",75,Sales,44
967,"2017-04-16 00:00:00",99,Sales,16
968,"2017-02-02 00:00:00",53,Sales,86
969,"2017-02-18 00:00:00",91,Sales,33
970,"2017-05-20 00:00:00",29,Sales,7
971,"2017-04-26 00:00:00",32,Sales,31
972,"2017-03-07 00:00:00",2,Sales,31
973,"2017-01-13 00:00:00",74,Sales,52
974,"2017-06-24 00:00:00",71,Sales,16
975,"2017-01-03 00:00:00",20,Sales,18
976,"2017-09-04 00:00:00",34,Sales,32
977,"2017-09-19 00:00:00",46,Sales,43
978,"2017-04-09 00:00:00",33,Sales,95
979,"2017-03-19 00:00:00",17,Sales,90
980,"2017-03-02 00:00:00",49,Sales,24
981,"2017-03-19 00:00:00",94,Sales,24
982,"2017-11-04 00:00:00",12,Sales,33
983,"2017-02-09 00:00:00",53,Sales,46
984,"2017-03-03 00:00:00",100,Sales,74
985,"2017-05-04 00:00:00",67,Sales,19
986,"2017-01-18 00:00:00",39,Sales,40
987,"2017-08-22 00:00:00",13,Sales,42
988,"2017-12-09 00:00:00",95,Sales,12
989,"2017-03-16 00:00:00",80,Sales,72
990,"2017-04-21 00:00:00",99,Sales,57
991,"2017-04-19 00:00:00",96,Sales,23
992,"2017-11-03 00:00:00",48,Sales,34
993,"2017-03-09 00:00:00",64,Sales,24
994,"2017-04-23 00:00:00",57,Sales,14
995,"2017-07-19 00:00:00",34,Sales,73
996,"2017-09-16 00:00:00",38,Sales,98
997,"2017-03-02 00:00:00",45,Sales,41
998,"2017-08-18 00:00:00",42,Sales,31
999,"2017-10-10 00:00:00",7,Sales,80
1000,"2017-09-22 00:00:00",55,Sales,15
