OrderLineNumber,OrderHeader_OrderNumber,Quantity,PricePerQty,Item_ItemNumber
1,1,2,323,8
2,1,3,455,81
3,2,5,239,3
4,2,10,315,68
5,2,5,310,3
6,2,6,337,99
7,2,5,337,54
8,3,7,234,81
9,4,10,244,21
10,5,4,450,47
11,5,6,251,19
12,5,8,221,86
13,5,1,271,56
14,5,4,379,70
15,6,3,444,1
16,6,5,280,28
17,6,1,415,30
18,7,1,273,9
19,8,7,394,62
20,9,4,410,10
21,9,9,466,12
22,10,8,204,99
23,10,6,457,7
24,10,5,375,1
25,10,5,339,22
26,10,5,474,61
27,11,9,381,49
28,11,9,356,44
29,11,3,457,65
30,12,3,426,18
31,12,3,305,22
32,12,6,313,4
33,12,4,287,10
34,12,7,293,27
35,13,3,499,49
36,13,8,468,12
37,13,3,245,41
38,13,3,366,6
39,13,2,438,60
40,14,4,467,14
41,14,6,213,44
42,15,1,495,62
43,15,10,484,48
44,15,1,210,85
45,15,9,407,8
46,15,8,358,95
47,16,10,494,43
48,16,5,274,94
49,16,6,434,64
50,16,7,300,61
51,17,10,337,43
52,17,8,260,74
53,17,10,315,32
54,18,2,415,21
55,18,9,399,78
56,18,3,259,2
57,18,10,406,43
58,18,9,413,89
59,19,7,485,97
60,19,6,476,24
61,19,3,497,93
62,19,7,311,97
63,20,5,432,18
64,21,9,417,33
65,21,10,212,91
66,21,10,293,69
67,21,10,313,11
68,21,2,221,9
69,22,2,356,52
70,22,3,486,95
71,22,1,404,42
72,23,5,269,1
73,23,3,225,23
74,23,2,431,24
75,24,7,412,74
76,24,9,416,56
77,24,7,484,77
78,24,2,425,65
79,24,8,216,43
80,25,8,416,98
81,25,10,363,71
82,26,2,483,62
83,26,6,244,76
84,26,2,387,74
85,26,6,419,33
86,27,1,312,51
87,27,3,412,1
88,27,2,227,93
89,28,6,255,13
90,28,2,338,4
91,28,3,410,9
92,28,5,260,55
93,28,6,244,81
94,29,5,260,88
95,29,2,443,81
96,29,10,238,94
97,29,10,225,14
98,30,8,483,52
99,30,4,221,93
100,30,1,271,68
101,30,8,330,58
102,31,2,477,90
103,31,2,494,18
104,31,4,232,97
105,31,6,385,30
106,31,8,370,70
107,32,9,253,73
108,32,5,284,28
109,32,10,390,31
110,33,7,347,88
111,33,7,261,85
112,33,5,370,3
113,34,9,325,91
114,35,9,480,26
115,36,7,228,90
116,36,9,364,72
117,36,6,382,66
118,37,1,425,99
119,37,10,383,31
120,37,4,346,16
121,37,7,278,54
122,38,3,229,89
123,39,10,471,19
124,40,5,259,99
125,40,6,295,97
126,40,8,297,72
127,40,1,408,56
128,41,8,499,9
129,41,3,201,24
130,41,8,482,26
131,41,1,481,91
132,41,3,437,43
133,42,2,309,83
134,43,9,460,66
135,43,7,444,82
136,43,3,201,4
137,43,10,420,80
138,44,9,333,67
139,44,10,238,98
140,44,3,396,25
141,45,3,381,68
142,45,10,283,8
143,45,1,497,31
144,46,7,346,43
145,46,9,435,2
146,46,10,408,94
147,47,10,276,7
148,47,7,498,1
149,47,6,425,56
150,47,2,268,3
151,47,8,308,55
152,48,8,407,31
153,48,6,236,78
154,48,3,236,49
155,49,6,468,99
156,49,5,237,8
157,49,3,435,74
158,49,1,355,81
159,49,9,382,80
160,50,3,412,99
161,50,4,416,98
162,50,7,437,49
163,50,9,356,87
164,51,4,282,28
165,51,8,399,95
166,51,2,490,16
167,51,3,214,87
168,52,7,275,78
169,52,3,258,27
170,52,7,269,80
171,53,10,268,51
172,53,10,288,29
173,53,1,468,51
174,54,10,479,98
175,55,6,395,33
176,55,3,254,84
177,55,5,299,100
178,55,5,203,42
179,56,5,486,74
180,57,10,364,64
181,57,6,487,50
182,57,4,208,91
183,58,2,280,53
184,58,7,448,99
185,58,9,370,80
186,59,8,312,47
187,59,6,307,6
188,59,9,413,46
189,59,10,404,87
190,59,5,497,62
191,60,5,493,19
192,60,4,397,53
193,60,10,496,67
194,60,10,384,14
195,61,10,267,85
196,61,7,487,11
197,61,2,453,89
198,61,9,332,58
199,61,5,316,33
200,62,3,301,84
201,63,4,387,96
202,63,5,220,40
203,63,9,369,93
204,64,2,208,89
205,64,5,308,90
206,64,1,491,46
207,64,6,333,37
208,64,9,327,32
209,65,8,451,23
210,65,7,266,27
211,66,8,377,5
212,66,5,297,24
213,66,2,442,100
214,66,5,252,44
215,67,8,263,28
216,67,9,230,67
217,68,5,406,51
218,68,1,278,43
219,69,2,260,93
220,69,8,420,63
221,69,2,268,9
222,69,5,488,62
223,69,10,421,49
224,70,3,482,90
225,70,2,432,42
226,71,10,321,91
227,71,7,475,10
228,71,3,214,76
229,71,9,384,19
230,72,10,263,68
231,72,7,458,52
232,72,7,275,19
233,73,2,345,2
234,73,1,285,14
235,73,4,307,23
236,73,10,243,54
237,74,10,277,45
238,75,9,464,74
239,75,2,450,2
240,75,9,284,45
241,75,1,431,55
242,75,8,338,30
243,76,7,444,40
244,76,5,278,47
245,76,7,457,33
246,77,2,308,34
247,77,1,243,91
248,77,4,411,83
249,77,6,484,52
250,78,1,376,82
251,78,8,295,99
252,78,6,496,69
253,78,8,428,70
254,78,10,423,79
255,79,9,282,7
256,79,4,485,16
257,79,10,465,72
258,80,4,393,37
259,80,7,478,34
260,80,8,297,32
261,80,1,490,78
262,81,9,475,13
263,81,9,249,34
264,82,9,475,57
265,83,10,321,21
266,83,9,238,3
267,83,6,278,70
268,84,1,428,30
269,85,8,390,52
270,85,5,469,78
271,85,9,440,13
272,85,4,358,55
273,85,5,410,14
274,86,1,386,12
275,87,2,307,62
276,88,10,391,25
277,88,10,364,34
278,89,3,416,30
279,90,10,266,87
280,90,2,363,80
281,91,1,266,55
282,91,3,375,95
283,91,6,218,69
284,92,3,304,44
285,92,5,348,30
286,92,8,413,56
287,92,4,417,78
288,92,1,368,22
289,93,7,292,53
290,93,4,211,99
291,93,5,292,38
292,93,1,419,68
293,94,7,495,85
294,94,10,224,92
295,94,2,283,53
296,95,6,258,77
297,95,2,374,80
298,95,3,344,23
299,96,4,357,11
300,96,9,319,94
301,96,8,277,23
302,96,2,447,58
303,96,1,339,86
304,97,10,408,20
305,97,10,279,14
306,98,4,401,45
307,98,10,276,57
308,98,4,219,19
309,98,8,317,58
310,99,6,259,32
311,99,10,382,65
312,99,8,331,30
313,99,5,423,20
314,99,6,254,98
315,100,4,253,60
316,100,2,216,66
317,100,3,228,53
318,100,10,350,81
319,101,9,471,60
320,101,5,459,62
321,102,6,271,89
322,102,8,389,18
323,102,6,223,39
324,102,2,425,47
325,103,7,288,50
326,103,3,313,24
327,103,5,249,22
328,103,2,410,33
329,104,4,290,26
330,105,10,314,70
331,105,1,297,19
332,105,6,441,65
333,105,7,307,17
334,106,3,413,22
335,107,8,372,88
336,107,9,430,15
337,108,7,400,4
338,108,2,495,9
339,108,4,483,96
340,108,1,413,6
341,108,6,236,91
342,109,6,330,20
343,109,9,333,18
344,109,2,267,38
345,109,10,357,48
346,110,1,253,69
347,111,4,322,72
348,111,1,297,47
349,112,10,406,39
350,112,7,397,66
351,113,2,363,19
352,113,9,419,76
353,113,9,200,77
354,113,5,348,24
355,113,3,266,69
356,114,1,314,36
357,114,5,297,16
358,114,3,484,7
359,114,1,330,31
360,115,10,296,6
361,116,6,479,89
362,116,8,351,83
363,116,4,464,22
364,116,4,425,39
365,116,5,464,35
366,117,1,220,33
367,117,5,224,73
368,117,4,209,25
369,118,10,378,9
370,118,4,318,37
371,118,1,468,94
372,119,3,360,8
373,119,7,290,100
374,120,6,292,89
375,120,10,455,36
376,121,8,338,78
377,121,6,361,5
378,121,2,457,72
379,121,4,203,44
380,121,10,368,55
381,122,2,293,72
382,122,9,487,18
383,122,4,474,45
384,122,3,234,89
385,122,1,421,17
386,123,7,258,64
387,123,9,296,82
388,123,7,265,44
389,123,8,219,97
390,123,7,343,43
391,124,8,256,52
392,125,9,321,84
393,125,10,431,26
394,125,1,493,30
395,125,6,268,63
396,126,10,327,92
397,127,4,399,17
398,127,2,394,50
399,127,1,478,96
400,127,8,463,4
401,127,3,349,99
402,128,3,411,45
403,128,1,389,64
404,129,3,453,20
405,129,8,229,94
406,130,5,211,26
407,130,6,386,94
408,130,10,404,73
409,130,4,317,55
410,130,2,313,76
411,131,1,255,48
412,131,6,267,62
413,131,7,313,65
414,131,3,376,54
415,131,8,265,18
416,132,1,206,67
417,132,8,200,3
418,132,2,228,90
419,132,1,341,62
420,132,5,380,65
421,133,4,389,20
422,134,1,345,59
423,134,7,493,39
424,134,8,263,46
425,134,3,388,90
426,135,3,237,10
427,135,6,414,9
428,135,10,485,20
429,135,6,284,19
430,136,6,438,80
431,137,9,227,96
432,137,7,206,2
433,137,7,236,83
434,137,7,270,76
435,138,3,214,71
436,138,2,469,15
437,138,5,442,97
438,139,7,313,13
439,140,4,255,23
440,140,9,378,72
441,141,5,482,4
442,141,1,464,73
443,141,10,476,27
444,142,6,335,64
445,142,5,325,79
446,142,4,209,39
447,142,10,222,9
448,143,6,489,90
449,143,8,491,34
450,143,5,499,93
451,144,3,244,12
452,145,3,229,15
453,145,6,230,17
454,145,10,261,30
455,145,6,495,69
456,145,5,335,65
457,146,5,422,78
458,146,1,211,35
459,147,10,478,94
460,147,9,434,44
461,147,7,235,36
462,148,5,451,29
463,148,2,404,70
464,148,2,279,74
465,149,8,363,78
466,149,8,288,82
467,150,2,377,4
468,150,5,324,79
469,150,9,448,60
470,150,5,400,25
471,151,2,403,10
472,151,9,270,55
473,151,7,476,66
474,152,5,486,34
475,152,9,230,40
476,153,5,441,65
477,154,7,215,65
478,154,2,448,100
479,155,2,369,27
480,155,2,404,64
481,155,2,354,20
482,155,8,437,91
483,155,10,283,6
484,156,6,381,38
485,156,2,500,36
486,156,6,442,10
487,156,7,248,55
488,157,7,405,82
489,158,6,347,74
490,158,1,328,29
491,158,5,204,85
492,158,10,351,36
493,159,1,372,18
494,159,1,371,33
495,159,4,416,70
496,160,1,248,79
497,160,8,423,68
498,161,4,471,9
499,161,7,282,4
500,161,8,326,81
501,161,6,322,18
502,162,6,232,24
503,162,7,259,39
504,163,2,482,21
505,163,7,306,22
506,163,8,361,14
507,163,6,326,20
508,163,4,342,78
509,164,5,495,13
510,164,4,231,38
511,165,2,279,31
512,165,5,372,98
513,165,9,405,77
514,166,5,239,51
515,166,3,281,100
516,166,3,236,79
517,166,4,469,36
518,167,9,387,73
519,167,9,487,45
520,167,7,408,78
521,167,1,226,6
522,168,10,438,23
523,168,8,493,32
524,169,8,246,91
525,169,4,452,41
526,169,3,315,20
527,169,5,456,30
528,169,3,407,19
529,170,5,362,91
530,170,2,489,16
531,171,2,445,10
532,171,10,465,21
533,172,2,327,88
534,173,2,423,76
535,173,3,426,37
536,173,9,368,71
537,173,5,447,2
538,173,3,347,50
539,174,6,386,93
540,174,2,253,21
541,174,6,434,96
542,174,1,318,34
543,174,6,375,14
544,175,6,363,36
545,175,8,446,30
546,175,6,366,58
547,175,7,283,71
548,176,2,402,67
549,176,10,282,54
550,176,3,414,40
551,176,3,269,27
552,177,1,419,57
553,177,2,485,91
554,177,9,461,95
555,178,2,382,73
556,179,6,241,21
557,180,7,280,86
558,180,8,240,12
559,181,2,230,2
560,182,10,355,9
561,182,4,354,40
562,182,7,491,10
563,183,1,466,70
564,183,2,391,98
565,184,6,258,9
566,184,10,273,75
567,184,6,264,37
568,185,10,206,42
569,185,6,479,62
570,185,5,327,62
571,185,2,476,87
572,186,8,496,100
573,186,5,210,26
574,186,10,358,25
575,187,2,480,85
576,187,5,411,6
577,187,10,485,57
578,188,7,463,100
579,189,8,464,91
580,189,9,381,8
581,189,5,493,61
582,189,7,365,82
583,190,7,312,7
584,190,4,421,91
585,190,1,232,28
586,190,9,396,54
587,190,2,373,38
588,191,9,334,24
589,191,4,439,4
590,192,9,498,63
591,192,6,218,69
592,192,8,418,45
593,193,4,404,30
594,194,10,492,66
595,194,1,346,65
596,195,5,313,88
597,195,7,414,46
598,195,3,212,86
599,195,7,271,91
600,196,2,488,17
601,196,7,322,87
602,196,3,284,93
603,196,8,484,52
604,197,10,471,80
605,197,1,456,24
606,198,9,384,46
607,198,6,395,33
608,198,4,411,4
609,198,9,487,20
610,198,9,433,31
611,199,10,486,71
612,200,4,279,3
613,201,10,212,15
614,201,6,456,25
615,201,2,415,79
616,201,7,263,85
617,202,9,386,41
618,202,4,373,79
619,203,6,312,8
620,203,2,457,65
621,204,8,299,84
622,205,1,310,52
623,206,3,409,40
624,206,1,408,93
625,207,3,443,48
626,208,5,267,66
627,208,6,319,17
628,208,9,312,17
629,208,2,246,85
630,209,3,220,91
631,209,2,392,99
632,209,9,418,27
633,209,4,256,90
634,210,2,463,50
635,210,3,425,94
636,210,8,242,7
637,210,3,449,76
638,211,10,413,49
639,211,2,448,23
640,211,4,458,9
641,211,3,442,67
642,212,6,434,99
643,213,6,413,8
644,213,2,232,67
645,213,1,390,65
646,213,9,217,48
647,214,4,237,5
648,215,7,416,51
649,215,3,233,94
650,215,2,381,51
651,215,2,332,41
652,216,7,286,56
653,216,9,309,72
654,216,4,477,17
655,217,10,374,100
656,217,1,361,49
657,218,7,378,54
658,218,10,314,27
659,219,5,346,72
660,219,5,225,73
661,219,8,297,78
662,219,8,463,98
663,219,8,371,54
664,220,3,210,66
665,220,7,409,54
666,220,3,358,1
667,220,9,308,52
668,221,1,210,50
669,222,4,305,9
670,222,9,324,29
671,223,9,379,73
672,224,5,362,30
673,225,4,347,89
674,225,2,428,32
675,226,9,396,59
676,226,2,371,1
677,226,4,232,2
678,227,1,247,76
679,227,7,488,40
680,227,9,411,93
681,227,4,292,74
682,227,9,258,67
683,228,1,313,13
684,228,1,467,31
685,228,9,375,50
686,228,2,429,38
687,228,9,215,78
688,229,7,347,76
689,229,1,332,49
690,229,7,290,92
691,230,6,468,79
692,230,7,390,37
693,230,1,315,12
694,230,5,373,3
695,230,5,312,92
696,231,10,443,84
697,232,8,362,27
698,232,2,441,33
699,232,9,321,19
700,232,3,296,87
701,233,4,376,10
702,233,6,382,49
703,233,10,455,63
704,234,1,379,47
705,234,3,316,17
706,234,10,254,98
707,234,2,494,34
708,234,5,267,26
709,235,5,432,44
710,235,10,454,68
711,235,8,445,91
712,236,9,355,22
713,236,8,372,36
714,237,10,253,19
715,237,9,458,76
716,237,5,216,69
717,237,1,464,94
718,237,2,396,49
719,238,10,371,80
720,238,5,385,15
721,238,4,351,52
722,239,9,212,54
723,239,4,317,34
724,239,7,415,32
725,239,8,248,48
726,240,4,233,67
727,240,2,252,16
728,240,3,453,19
729,240,6,340,51
730,240,7,209,75
731,241,7,304,16
732,241,10,318,89
733,241,3,318,68
734,241,5,442,98
735,241,8,239,81
736,242,6,371,94
737,243,7,494,99
738,243,1,399,48
739,243,5,405,28
740,243,8,294,39
741,243,5,236,100
742,244,4,360,77
743,244,1,440,32
744,244,9,363,100
745,244,7,490,82
746,244,2,332,79
747,245,7,244,33
748,245,2,304,39
749,245,10,269,19
750,245,6,472,24
751,246,7,276,95
752,247,2,452,80
753,248,3,259,80
754,248,6,315,19
755,249,1,425,65
756,250,5,315,34
757,250,4,416,64
758,250,9,216,46
759,250,10,327,78
760,250,4,428,40
761,251,2,430,15
762,251,6,422,71
763,251,3,420,7
764,252,2,271,13
765,253,1,354,98
766,253,4,357,4
767,253,10,422,23
768,254,10,313,55
769,254,5,286,32
770,254,3,351,13
771,254,9,207,15
772,255,10,326,54
773,255,7,477,83
774,255,9,465,51
775,255,10,270,44
776,256,8,262,100
777,256,3,291,11
778,257,3,222,85
779,257,6,245,47
780,257,7,452,85
781,257,2,380,96
782,258,9,365,48
783,258,8,366,24
784,259,10,342,4
785,260,4,370,31
786,260,1,494,62
787,260,9,296,46
788,260,8,235,26
789,261,3,388,66
790,261,3,360,98
791,261,6,250,2
792,262,10,211,40
793,262,9,206,73
794,262,2,258,42
795,262,8,255,26
796,263,3,315,10
797,263,1,265,45
798,263,7,228,49
799,263,4,436,29
800,263,10,233,93
801,264,2,491,60
802,264,3,203,31
803,264,9,325,98
804,264,7,330,58
805,265,4,223,57
806,266,6,284,35
807,266,7,418,76
808,267,8,322,71
809,267,10,498,36
810,267,6,451,46
811,267,8,376,1
812,267,3,382,98
813,268,4,210,14
814,269,2,320,92
815,269,3,359,1
816,269,6,430,44
817,269,6,286,81
818,270,3,245,25
819,270,9,228,83
820,271,8,222,71
821,272,9,448,49
822,272,7,231,31
823,273,9,491,27
824,274,1,203,61
825,274,6,493,65
826,274,3,396,14
827,274,5,386,26
828,274,8,281,38
829,275,3,325,98
830,276,7,267,66
831,277,10,470,61
832,277,3,432,27
833,277,7,248,90
834,277,7,429,79
835,277,7,409,6
836,278,2,264,30
837,278,9,255,17
838,278,4,496,27
839,278,9,226,44
840,278,8,224,77
841,279,8,277,38
842,279,4,388,30
843,280,4,371,27
844,280,5,354,11
845,281,5,250,10
846,282,10,332,87
847,282,9,327,13
848,282,5,400,8
849,282,10,446,79
850,283,8,249,13
851,283,4,451,46
852,283,9,492,22
853,283,6,280,18
854,283,6,474,81
855,284,4,457,2
856,284,7,349,98
857,285,3,227,14
858,285,10,472,28
859,285,7,422,1
860,286,8,392,2
861,286,8,246,81
862,286,3,353,10
863,286,8,277,2
864,286,10,214,23
865,287,1,284,24
866,288,10,305,95
867,288,1,231,78
868,288,3,248,13
869,289,6,342,77
870,289,9,372,91
871,289,10,456,11
872,289,9,272,14
873,289,3,384,37
874,290,5,292,87
875,290,2,302,59
876,290,3,278,31
877,291,6,380,28
878,291,5,330,27
879,291,10,422,41
880,292,9,252,91
881,292,5,459,26
882,292,3,236,94
883,293,10,465,74
884,293,2,372,20
885,293,2,339,20
886,294,1,309,65
887,294,1,268,24
888,295,9,354,32
889,295,5,433,77
890,295,3,207,81
891,295,4,262,68
892,295,4,370,82
893,296,9,233,56
894,296,2,315,96
895,296,6,237,78
896,296,3,433,35
897,297,2,410,69
898,297,5,333,85
899,297,8,423,12
900,298,6,278,21
901,298,2,479,88
902,298,3,290,21
903,298,6,500,89
904,299,8,314,47
905,300,6,322,67
906,300,4,289,97
907,300,9,410,29
908,300,7,239,16
909,300,9,350,48
910,301,9,280,77
911,301,6,384,28
912,301,1,428,86
913,301,2,267,65
914,302,9,380,51
915,302,8,405,27
916,302,10,390,3
917,303,6,269,27
918,303,2,391,66
919,304,4,398,28
920,304,6,231,55
921,304,8,413,85
922,304,8,463,83
923,304,3,378,1
924,305,10,206,58
925,305,5,481,44
926,305,8,307,15
927,305,3,289,78
928,306,7,405,99
929,306,2,315,44
930,306,2,393,66
931,306,10,446,88
932,307,4,478,92
933,307,6,417,96
934,307,8,362,21
935,308,8,437,39
936,308,6,254,13
937,308,6,334,14
938,308,9,202,92
939,309,10,259,76
940,309,5,284,28
941,309,4,287,19
942,309,10,213,99
943,309,7,248,96
944,310,10,403,82
945,310,7,271,27
946,310,2,441,95
947,311,1,354,25
948,311,4,472,59
949,311,5,500,76
950,311,3,411,62
951,312,4,473,30
952,312,7,446,70
953,312,8,451,55
954,313,1,475,67
955,313,10,453,26
956,314,9,319,38
957,314,3,315,97
958,314,4,349,30
959,315,5,279,8
960,315,10,481,14
961,315,4,447,93
962,315,3,246,53
963,316,6,480,1
964,316,4,429,74
965,317,8,367,37
966,317,6,474,62
967,317,5,480,35
968,317,8,249,40
969,318,3,310,51
970,319,7,419,20
971,319,3,496,11
972,319,8,281,57
973,319,2,354,76
974,319,3,245,36
975,320,4,404,80
976,320,1,246,95
977,320,1,492,68
978,321,1,405,6
979,321,4,445,12
980,321,3,398,84
981,321,1,438,63
982,322,6,329,98
983,323,7,332,3
984,323,2,480,98
985,323,3,440,29
986,323,4,252,88
987,323,8,353,18
988,324,4,419,24
989,324,8,372,7
990,324,8,458,21
991,324,9,270,19
992,325,5,233,100
993,326,9,285,79
994,326,5,302,94
995,327,6,402,95
996,328,8,423,88
997,328,2,333,32
998,328,1,273,58
999,329,6,250,11
1000,329,1,477,97
